<?xml version="1.0" encoding="utf-8" standalone="yes" ?>
<rss version="2.0" xmlns:atom="http://www.w3.org/2005/Atom">
  <channel>
    <title>Tags on stoogin&#39; the net</title>
    <link>/tags/</link>
    <description>Recent content in Tags on stoogin&#39; the net</description>
    <generator>Hugo -- gohugo.io</generator>
    <language>en-us</language>
    <lastBuildDate>Thu, 23 Jul 2015 21:13:14 -0500</lastBuildDate>
    
	<atom:link href="/tags/index.xml" rel="self" type="application/rss+xml" />
    
    
    <item>
      <title>Plot</title>
      <link>/tags/plot/</link>
      <pubDate>Thu, 23 Jul 2015 21:13:14 -0500</pubDate>
      
      <guid>/tags/plot/</guid>
      <description></description>
    </item>
    
    <item>
      <title>R Markdown</title>
      <link>/tags/r-markdown/</link>
      <pubDate>Thu, 23 Jul 2015 21:13:14 -0500</pubDate>
      
      <guid>/tags/r-markdown/</guid>
      <description></description>
    </item>
    
    <item>
      <title>Regression</title>
      <link>/tags/regression/</link>
      <pubDate>Thu, 23 Jul 2015 21:13:14 -0500</pubDate>
      
      <guid>/tags/regression/</guid>
      <description></description>
    </item>
    
  </channel>
</rss>